12.579204	-29916810.466579
26.020284	-18821336.821071
39.834649	-19137939.832383
53.610652	-19299158.071510
67.022267	-19114016.133363
80.074395	-18912381.271132
92.730123	-19247852.377897
105.270768	-18809605.920462
117.402050	-18480125.382310
129.801088	-18307897.726051
142.234687	-18890902.380710
155.311587	-18371756.487974
167.842249	-18508573.210286
181.675348	-17756629.832641
195.018261	-18030373.740721
207.901834	-17900988.391482
220.871322	-18053709.706955
233.475474	-18476402.225250
246.029695	-17628135.953147
259.134078	-17814157.332316
272.266766	-17605091.081801
285.474815	-17647249.037122
298.759287	-17592042.081636
312.733932	-18190315.339767
326.185903	-17338156.894983
339.347647	-18080779.379954
352.393549	-17198497.355278
364.674585	-17657082.455120
377.464756	-17132108.154260
390.103802	-17378324.674277
402.680528	-17345051.722931
415.803077	-17475774.801144
429.195629	-17253512.021244
442.865939	-17228566.958874
456.477659	-17439617.328667
470.131252	-17219978.684661
483.417191	-16974512.824656
496.537440	-17643624.971419
509.280584	-17304009.998632
521.889059	-17093630.166432
534.201654	-17474751.755822
546.612525	-16901191.530544
559.003590	-17501039.509029
571.493739	-17159819.084197
584.752887	-17024438.776167
597.892639	-16963657.704720
611.346717	-16814542.648127
625.049594	-17226343.510039
638.698500	-17100100.957645
652.345601	-17091300.619235
665.522168	-16786853.604655
678.062886	-17392049.655194
690.940351	-16872110.455770
703.794392	-17084294.676852
716.496039	-16765239.489498
728.918936	-17095251.829301
741.163605	-17109510.493834
754.233058	-16789440.271089
766.785531	-17033533.554140
780.081389	-16850327.550148
793.681802	-17209908.333279
807.937854	-16658689.395490
821.731464	-16866338.441910
834.887816	-16929200.558345
848.133052	-16813699.825436
860.978651	-17020575.345183
873.757668	-16948798.903149
886.583000	-17146127.507739
899.444155	-17482613.834882
911.925398	-17537675.268934
924.351364	-16918620.997988
936.806276	-16786039.303847
949.944625	-17044883.041531
963.152896	-17311262.773695
976.703501	-16667586.013338
989.992250	-16769798.308050
1003.193030	-16841611.502253
1016.285420	-16573888.146761
1030.235359	-16800646.898911
1044.270340	-16687404.868216
1058.104124	-16766813.527856
1071.434144	-16710038.641267
1084.720978	-16745398.674133
1097.530435	-17312597.764617
1110.914468	-16426402.468893
1123.504649	-16817281.106286
1135.934994	-16868815.398158
1148.275788	-16557542.655496
1161.258060	-16639885.069864
1174.273092	-16776346.902993
1187.374342	-16496235.531175
1200.059491	-16868334.942453
1213.368310	-16896330.146042
1226.786241	-16639495.137333
1240.085953	-17234821.807814
1253.419509	-16849641.111555
1266.239157	-16927965.146897
1279.848015	-16688126.952311
1293.295161	-16934467.693167
1307.377105	-16725189.461904
1320.995927	-16814094.711764
1334.571043	-16477087.330542
1347.805290	-16484211.728175
1360.564103	-16355301.967608
1373.563723	-16996949.642653
1386.552846	-16491943.323112
1398.942673	-16698742.573012
1411.494536	-16551269.452864
1424.829066	-16458383.084181
1437.890639	-16871865.251324
1450.458911	-16659429.186385
1462.890120	-16351095.056926
1475.300661	-16761060.437422
1487.751616	-16470062.054252
1500.393369	-16539067.225678
1513.392840	-16646174.543238
1525.934843	-16432510.951316
1539.268198	-16488039.220439
1552.653438	-17098589.089623
1565.912463	-16749375.584555
1579.108937	-16581843.914316
1592.914016	-16556510.540998
1606.707548	-16344619.929343
1620.620311	-16216948.850592
1633.943105	-16756537.656539
1646.853468	-16635878.896259
1660.174570	-16327651.415146
1672.680158	-16568497.116465
1685.500637	-16679801.097502
1698.335274	-16676997.915527
1711.151438	-16387544.414209
1723.635075	-16579651.278155
1736.051567	-16320784.620956
1748.472410	-16610310.715862
1761.133918	-16628369.260771
1773.979511	-16701534.843756
1787.326990	-16408136.644059
1799.903718	-16486988.692821
1813.125004	-16304658.313576
1825.872871	-16530139.968970
1838.891085	-16602901.767758
1852.189422	-16393362.397527
1865.512498	-16555120.451732
1878.554223	-16434773.669232
1890.475882	-16403940.213543
1902.267973	-16283667.718553
1914.274017	-16558346.128743
1925.979174	-16629118.344412
1937.856177	-16399259.691539
1951.071292	-16699092.381631
1964.625020	-16426968.487707
1977.993531	-16631052.600166
1991.295084	-16386042.138112
2004.338164	-16350881.767220
2017.029900	-16602715.061125
2029.990947	-16331293.418243
2042.954975	-16284317.197275
2056.016230	-16454169.540387
2068.952094	-16213328.144253
2081.313663	-16382505.011000
2093.875120	-16348570.051134
2106.632987	-16233795.473933
2119.425175	-16992701.940926
2131.746582	-16251929.661796
2144.039533	-16296959.505594
2156.847781	-16191275.717761
2169.630201	-16303076.385503
2182.519005	-16407252.259444
2195.101052	-16375492.390507
2208.375707	-16267729.084793
2221.181516	-16228477.379148
2234.182706	-16404423.569469
2247.257110	-16326842.424947
2260.182968	-16293006.059243
2273.389978	-16434097.456249
2286.699801	-16341549.469317
2300.353317	-16347367.620675
2314.092736	-16306621.249409
2328.087863	-16320930.809975
2341.752312	-16358613.564331
2355.337114	-16380519.414706
2368.726275	-16269383.133613
2381.875561	-16080493.250112
2394.573373	-16293242.515230
2407.517460	-16307137.689261
2420.091410	-16422213.366943
2432.713649	-16399401.627488
2445.446996	-16356135.547933
2457.881145	-16246777.481848
2470.981654	-16233052.491255
2483.552973	-16110059.965069
2496.559646	-16292152.851169
2509.201425	-16417441.648945
2521.379351	-16153170.724874
2534.305657	-16113867.444229
2546.836487	-16180052.859632
2559.769937	-16077466.878090
2572.455222	-16223103.324986
2585.231887	-16251916.694747
2598.743808	-16193895.191144
2612.075781	-16009793.829310
2625.149065	-16060810.000992
2638.527003	-16316517.290598
2652.516261	-16133267.665133
2666.767105	-16362123.784144
2680.242800	-16188342.499349
2693.517248	-16126527.021964
2706.767287	-16234936.321892
2720.177502	-16713792.082124
2733.361872	-16452043.180471
2746.565214	-15974263.463544
2759.288360	-16323761.133753
2772.048670	-16243770.973966
2785.163840	-16070716.271975
2797.862441	-16153267.474508
2810.626876	-16170089.159180
2823.573443	-16146087.351722
2835.645683	-16177472.751775
2848.059855	-16329241.421917
2860.739523	-16152719.746619
2873.472042	-16309604.839570
2886.564051	-16147115.504870
2899.445289	-16255256.960293
2912.351401	-16072058.384445
2925.435743	-16295549.507344
2938.864992	-16160916.620417
2952.566432	-16122038.599516
2966.245306	-16214572.564214
2980.073090	-16200866.227233
2993.743411	-16051325.772595
3006.937495	-16040618.813469
3020.291462	-16202701.820728
3033.670379	-16249373.932846
3047.076329	-16283500.847476
3060.275573	-16323557.896123
3073.383048	-16163441.789213
3085.889405	-16035654.449486
3098.431866	-16099194.467256
3111.189850	-16082070.700516
3123.962193	-16115420.269951
3137.008305	-16003321.888253
3149.558026	-16185092.396056
3162.052769	-16129595.252210
3174.772874	-16174853.989058
3187.617897	-16126205.553165
3200.481725	-16195492.958849
3213.417273	-16055589.283722
3226.446509	-16043741.679162
3239.116353	-16128321.054791
3251.454799	-15978991.017266
3263.706449	-15953492.573859
3276.894486	-16051511.457854
3289.882664	-16231880.165172
3302.695785	-16006578.250076
3315.699321	-15978064.617819
3328.427302	-16166616.359940
3342.017697	-16049602.318900
3355.313166	-16020759.013831
3368.850775	-16100252.444223
3383.072071	-15944404.781643
3396.921497	-15983079.429000
3410.723174	-15951359.611387
3424.371045	-16007195.413644
3437.451100	-15937826.699433
3450.977629	-16136338.740872
3464.420488	-15971878.522170
3477.417175	-16171772.947846
3490.262807	-16095576.180218
3503.441509	-15908067.008896
3516.287930	-15932639.925480
3528.799080	-16116122.599900
3541.745102	-16099770.171548
3554.624705	-15940951.454551
3566.962580	-16010894.216225
3579.847113	-15980329.322943
3592.462088	-16043512.511678
3605.037361	-16023810.337144
3617.438134	-15931130.821797
3629.952863	-16097818.873209
3642.715942	-16003379.572332
3656.031465	-16078462.394523
3669.143664	-15822384.763015
3682.088090	-15932533.230030
3695.562759	-16025120.717323
3708.842619	-15987403.804818
3722.714898	-15986320.689995
3736.475063	-15977226.305142
3749.779352	-15939334.234143
3761.359179	-15907930.181684
3773.318199	-16053351.072886
3785.026830	-16068910.863603
3796.528628	-15826830.980019
3807.940295	-15730748.867390
3819.397790	-15988500.527385
3831.720773	-16029068.931405
3844.885112	-15854070.620949
3857.785084	-16003131.127059
3871.344495	-16224823.283457
3884.432548	-16050087.418422
3897.647641	-15863205.769494
3910.665397	-15964892.475820
3923.565915	-15960232.741237
3936.473073	-16062172.557013
3949.059896	-16086297.572190
3962.149023	-16076061.689758
3974.884152	-15970424.601894
3987.450035	-15874390.843886
4000.143969	-15923611.215276
4012.585338	-16041416.443994
4024.989912	-15872507.618033
4037.344143	-15954806.081506
4049.705747	-15942748.363108
4062.242653	-15870989.347554
4074.767281	-15961796.874193
4086.991274	-15939837.860377
4100.080601	-15958320.586510
4112.836354	-15978322.116443
4125.393985	-15954021.035719
4137.899185	-15896903.936484
4150.587893	-15773974.588468
4163.256984	-15880415.300381
4176.291774	-15996297.827049
4189.355520	-16054444.413195
4201.951230	-15843284.287901
4214.526390	-15868029.542469
4227.612069	-16034241.336332
4240.936609	-16060165.921424
4254.592927	-15885700.019066
4268.187778	-15771859.205200
4281.646385	-15927961.615077
4294.920509	-15815766.853876
4308.345915	-16012276.218894
4322.139790	-15900302.061655
4335.967703	-15869071.271282
4349.869169	-15892317.624757
4363.596494	-15942143.739571
4377.423679	-15765018.083536
4390.803263	-15758043.716873
4403.666289	-15832413.158578
4416.666963	-15878285.089168
4430.003253	-15943917.614416
4443.229283	-15988073.210164
4456.616275	-15994378.689716
4469.300626	-15830757.563966
4482.359569	-15812193.030719
4495.089903	-15992527.872895
4507.736545	-15868249.795730
4520.710435	-15703382.048784
4533.547635	-15874259.047061
4546.492435	-15768729.862907
4558.818089	-15860786.561755
4571.286100	-15814357.553190
4583.910699	-15808284.208815
4596.626183	-15923554.676876
4608.814465	-15798311.190284
4621.387437	-16066913.645186
4633.871369	-15791784.349335
4646.040522	-15988491.519716
4658.486375	-15758241.524873
4671.647781	-15783755.001782
4685.165964	-15946816.779650
4698.812594	-15754338.614986
4712.137488	-15892423.651792
4725.881223	-15914110.678608
4739.830135	-15855548.094334
4753.615868	-15741273.513819
4766.968811	-15885838.861261
4780.696269	-15852730.607878
4794.353872	-15892866.599417
4807.568374	-15835453.611174
4820.283687	-15824454.894943
4833.401375	-15729714.304056
4846.980946	-15876218.122025
4860.036507	-15860507.073494
4873.325751	-15744754.646162
4886.183505	-16024988.226064
4899.274230	-15690215.300687
4912.297227	-15670576.618046
4924.992748	-15794713.201681
4937.639141	-15741812.369334
4950.465918	-15891996.639963
4963.196944	-15748538.498540
4975.944576	-15722713.256224
4988.879493	-15799439.547241
5001.735265	-15770565.782694
5014.295798	-15780665.735971
5027.040081	-15672964.822257
5039.848646	-15859366.027269
5052.505487	-15715953.059173
5064.597820	-15806509.113380
5076.077100	-15613891.770005
5087.432056	-15764654.247638
5099.986992	-15759436.806781
5113.420138	-15711527.622171
5127.268597	-15676455.272845
5141.057679	-15658192.597512
5154.822279	-15697461.857890
5168.675409	-15743431.754712
5182.446622	-15775477.881063
5195.954259	-15783516.541110
5209.272100	-15750009.284438
5222.835085	-15826749.647754
5235.787979	-15843066.021433
5248.845703	-15749435.490872
5262.132036	-15714231.042195
5275.570559	-15703864.634576
5288.509519	-15808978.296760
5301.513209	-15696739.205458
5314.614539	-15658704.993628
5327.254071	-15963048.736530
5339.919362	-15732145.888732
5353.266744	-15855612.954954
5365.850884	-15799726.272224
5378.645749	-15740219.351842
5391.002356	-15627291.886944
5403.151134	-15730493.645173
5415.365357	-15683236.794220
5428.157544	-15593993.674050
5440.929789	-15773045.199745
5453.340120	-15723868.989220
5466.105295	-15677699.616095
5478.893102	-15569160.266445
5491.322366	-15780081.003109
5503.785352	-15698619.504901
5516.514726	-15714186.178814
5529.910972	-15668728.168073
5543.620424	-15802676.474981
5556.507129	-15632966.468114
5569.755854	-15820143.820155
5583.264141	-15800900.151323
5597.227971	-15713879.362217
5610.545927	-15864328.649763
5622.548360	-15796848.989652
5634.390062	-15587478.849510
5645.956034	-15539652.283015
5657.703361	-15697682.580282
5669.692661	-15736173.868041
5682.991806	-15695193.223826
5695.851868	-15684479.475052
5708.810761	-15821412.044378
5721.547822	-15903072.928177
5734.341266	-15676436.373309
5747.362683	-15769988.497908
5760.131558	-15555234.533674
5772.997758	-15701774.824887
5786.457074	-15553401.821035
5799.064445	-15687798.827266
5811.862567	-15507938.023968
5824.748537	-15699728.789425
5837.197413	-15781314.959504
5849.492635	-15477438.348897
5862.029997	-15696519.436646
5874.996557	-15777324.785462
5887.496732	-15597941.643893
5900.272165	-15838865.239132
5913.084505	-15759631.933566
5926.008883	-15553431.580439
5938.596520	-15572295.722218
5951.414279	-15648613.992746
5964.524495	-15587643.694462
5977.791912	-15844761.082428
5991.457918	-15865017.098396
6005.328267	-15632799.370658
6019.058791	-15782053.104679
6033.179967	-15588333.923686
6046.912626	-15586160.172443
6060.747143	-15679754.666111
6074.127934	-15675482.806594
6087.484463	-15726205.119597
6100.709118	-15586752.392826
6113.710113	-15617742.292115
6126.751144	-15565663.107035
6139.595839	-15747967.369366
6152.483510	-15698636.883517
6165.025515	-15873520.601231
6177.450494	-15610837.951359
6190.044354	-15671713.572491
6202.758619	-15618135.057811
6215.367198	-15724916.680750
6227.964787	-15533382.846600
6240.882623	-15755232.625205
6253.289613	-15636261.252501
6265.983811	-15595581.023168
6278.953841	-15694510.990847
6291.815400	-15608831.817274
6304.989479	-15466415.973098
6317.769805	-15482936.510867
6331.374671	-15645987.002713
6344.618129	-15666534.182315
6358.016929	-15687225.760729
6371.287087	-15507202.722427
6385.134339	-15697212.166282
6399.025775	-15666639.355976
6413.233574	-15648498.300096
6426.655478	-15491902.327261
6440.230122	-15816732.033391
6453.839246	-15567315.798904
6466.716168	-15531933.900778
6479.785899	-15516436.716392
6492.831473	-15581858.110520
6505.648206	-15485045.116552
6518.826834	-15679543.329220
6531.892084	-15567636.613657
6544.594013	-15597640.193574
6557.398324	-15649979.543240
6570.331138	-15563512.637297
6583.062563	-15492838.918378
6596.045178	-15590207.395957
6608.108506	-15463022.406830
6620.361091	-15513227.115989
6632.928259	-15484412.052641
6645.744002	-15480132.691886
6658.055468	-15654661.384964
6670.361819	-15561920.326279
6682.845936	-15564312.404969
6695.132161	-15709250.954304
6707.740294	-15360664.120368
6720.297482	-15636875.093394
6733.224450	-15590470.615877
6745.649535	-15547775.934733
6758.614241	-15480595.399076
6771.260854	-15469268.921961
6784.234684	-15607682.723082
6797.469902	-15505912.255344
6810.598523	-15435279.490221
6824.085524	-15433779.083210
6837.865955	-15453491.651093
6851.791607	-15559948.603080
6865.582837	-15486813.807301
6878.799022	-15410465.705823
6892.149134	-15413900.693170
6905.199338	-15491851.190519
6918.597332	-15406936.556266
6931.752631	-15451724.571718
6944.874958	-15457390.571351
6957.754077	-15471088.450302
6970.409325	-15478531.555375
6983.302106	-15459257.939683
6996.094543	-15460145.938023
7008.519415	-15500519.260566
7020.894597	-15630702.573726
7033.156727	-15316840.298927
7045.626132	-15601932.486346
7058.199228	-15455595.787358
7070.682171	-15537966.442550
7083.686411	-15455187.548190
7096.468315	-15496639.480668
7109.037364	-15521194.113981
7122.237753	-15590344.498722
7135.533959	-15694499.968455
7149.191133	-15471701.245943
7163.242948	-15449795.003572
7176.617577	-15390139.684263
7190.254833	-15426570.432877
7203.795139	-15728406.365017
7217.422472	-15495416.528203
7230.956500	-15479488.267900
7244.523711	-15402842.454733
7257.490262	-15586893.919834
7270.540655	-15387137.816020
7283.249613	-15851609.679271
7296.306826	-15502213.085168
7309.123944	-15396244.710792
7321.546457	-15375570.199144
7334.361474	-15620886.044920
7347.173629	-15455272.749000
7359.867760	-15404427.260515
7372.519435	-15432029.646305
7385.595787	-15366309.139135
7398.361915	-15460026.925349
7411.389655	-15399454.264676
7423.913028	-15434050.584422
7436.758140	-15371010.543754
7449.048516	-15348640.554432
7460.165401	-15439817.428240
7471.700711	-15522255.747042
7483.439225	-15327466.532968
7495.099731	-15371827.717107
7507.227186	-15576267.072978
7521.669507	-15413763.928113
7535.265193	-15384273.186494
7548.600128	-15473289.484634
7562.038248	-15372353.440633
7575.354245	-15410565.551413
7588.453382	-15433413.377269
7601.305984	-15745397.502352
7614.244814	-15387809.541028
7626.818936	-15523289.806608
7639.403379	-15494426.350380
7652.296906	-15409825.827326
7664.972135	-15351154.755735
7677.852480	-15493535.147829
7690.522313	-15480168.641062
7703.008367	-15360710.251064
7715.600266	-15368040.550221
7727.884712	-15416920.893202
7740.385903	-15505591.370999
7753.118970	-15334632.242973
7766.031138	-15376771.965288
7779.292358	-15428926.042589
7792.506875	-15373405.745315
7805.321599	-15289528.341230
7817.918710	-15423273.393898
7831.315404	-15381216.082219
7844.407691	-15327419.206297
7857.434812	-15551888.435674
7870.680881	-15401262.113462
7884.156412	-15314043.633584
7897.431038	-15337214.488466
7911.287459	-15184423.097105
7925.282269	-15452861.748873
7938.897011	-15440056.804396
7952.422666	-15242489.570924
7965.447219	-15386060.965265
7979.399903	-15389480.083410
7992.805315	-15300386.773067
8005.803167	-15324436.175459
8018.744800	-15304540.379542
8031.573553	-15348443.839340
8044.390998	-15402553.480044
8057.420115	-15467889.668372
8070.342463	-15325733.146787
8082.462013	-15436280.990332
8095.059316	-15392374.148746
8107.508035	-15294916.400508
8119.746559	-15448912.594157
8132.068930	-15332166.902467
8144.858754	-15429016.570498
8157.279064	-15298122.462304
8169.864826	-15316467.537828
8182.085932	-15296426.320439
8194.457040	-15254476.887648
8207.111655	-15414035.139747
8220.252497	-15445503.908315
8233.162772	-15365945.627227
8246.243851	-15337080.199937
8259.698793	-15234718.108780
8273.239027	-15370947.891892
8286.680808	-15421784.294180
8300.393807	-15380020.263924
8314.167552	-15470411.130248
8327.857447	-15331859.106641
8341.321830	-15359927.489516
8354.800361	-15434301.498285
8368.208622	-15433808.181191
8380.541512	-15286530.578848
8393.488618	-15299495.090532
8406.056856	-15452734.519654
8419.106548	-15338613.254525
8432.255877	-15353651.532886
8444.743224	-15379160.193900
8457.396277	-15410493.632761
8470.013595	-15405040.667387
8482.111364	-15306259.629279
8494.140672	-15292914.685518
8506.400109	-15269446.069143
8518.334644	-15409367.365213
8530.637880	-15327060.352207
8543.094121	-15415946.595747
8555.542911	-15331115.294046
8568.514072	-15347338.251645
8580.823086	-15239441.188461
8593.657416	-15180972.542722
8606.407479	-15529393.353367
8619.691283	-15186474.230521
8633.321516	-15298170.297771
8646.799413	-15272549.741131
8660.023224	-15263434.111707
8673.653288	-15343103.485462
8687.708224	-15220963.396534
8701.599001	-15385750.821536
8714.966306	-15337526.689612
8728.730086	-15320355.763954
8742.112709	-15236222.840389
8755.361507	-15340509.400796
8768.634032	-15286491.390810
8781.129479	-15317967.258279
8794.119185	-15363627.495835
8806.663151	-15248307.949719
8819.422044	-15275043.348557
8832.109093	-15245155.095481
8844.316681	-15315703.629074
8857.077598	-15255312.596747
8869.273179	-15305389.383016
8881.816551	-15175855.802050
8894.674198	-15484760.466559
8907.582773	-15355717.918461
8920.185940	-15260163.758079
8932.594154	-15255607.735984
8945.617303	-15331777.100992
8958.339138	-15183138.247370
8971.279562	-15522168.073646
8984.467595	-15322847.396458
8997.735919	-15192917.923458
9011.428941	-15252475.604743
9024.753042	-15191828.684356
9038.315904	-15319035.590485
9051.957523	-15284275.022214
9065.337186	-15261468.419293
9078.882539	-15231768.260747
9092.238234	-15279713.991976
9105.377609	-15367680.662598
9118.599870	-15241826.828032
9132.118879	-15335767.276307
9144.938286	-15297369.358661
9157.954058	-15255381.858746
9170.781499	-15202111.470656
9183.234659	-15380893.194253
9196.073511	-15422064.724138
9208.367409	-15182263.892388
9220.914165	-15169739.989146
9233.689902	-15237038.139495
9246.432901	-15348719.633678
9258.849604	-15324347.666739
9271.188757	-15265786.727549
9283.416951	-15223916.841553
9294.127208	-15150978.693753
9304.830409	-15283743.675008
9315.596968	-15247169.756257
9326.301929	-15295662.822541
9337.122481	-15253520.155025
9350.124760	-15277574.038118
9363.022873	-15183044.614228
9376.230559	-15223541.556413
9389.312960	-15217713.175419
9402.841767	-15330169.869732
9416.021914	-15200789.946825
9429.689659	-15182736.339293
9444.011115	-15257292.029825
9457.399358	-15178487.384527
9470.818217	-15260681.479830
9483.767966	-15274085.762385
9497.015074	-15410603.385986
9510.151691	-15314046.953441
9522.701695	-15206875.657160
9535.226830	-15147406.395310
9548.269009	-15329090.855786
9560.666791	-15315049.345038
9572.914857	-15113847.213286
9585.359950	-15255663.005667
9598.216967	-15127491.137846
9610.885287	-15277647.782891
9623.866542	-15244932.009324
9636.934469	-15185546.611804
9649.194698	-15294366.453340
9661.901307	-15161427.836650
9674.597191	-15295684.611656
9687.347020	-15241882.841789
9700.058571	-15202348.178440
9712.492317	-15294007.621469
9724.974904	-15087749.288617
9737.309483	-15034540.590999
9750.015026	-15289311.213852
9762.519618	-15164891.441119
9775.213981	-15107303.789060
9787.822618	-15160587.495224
9800.649995	-15211286.189401
9813.568019	-15288559.593753
9827.244546	-15159191.956601
9840.337442	-15195276.975966
9853.495421	-15367572.692532
9866.969043	-15259484.846699
9880.953255	-15234454.503676
9895.110880	-15129615.180322
9908.467856	-15298318.669252
9921.816418	-15274031.740806
9934.901881	-15324952.782990
9948.123203	-15187913.030852
9961.422739	-15285345.809739
9974.137330	-15197503.154368
9987.227550	-15132115.675280
9999.887834	-15113391.239661
10012.747076	-15254762.104609
10025.267780	-15150578.476673
10038.066452	-15170730.395132
10050.681566	-15140003.802608
10063.609013	-15182667.582104
10076.143758	-15314682.681184
10088.807547	-15280022.716904
10101.526628	-15295169.365767
10114.484164	-15220476.325502
10127.446130	-15073460.250960
10140.388563	-15093328.795543
10153.689287	-15276093.891127
10167.327052	-15193596.734180
10180.958355	-15126765.840066
10194.732500	-15289288.774848
10208.229668	-15172685.990647
10220.017100	-15223688.067047
10231.910387	-15095954.543594
10244.115205	-15108486.540389
10257.618064	-15338561.105582
10270.549092	-15109450.559888
10283.382655	-15168718.643481
10296.133749	-15122337.971404
10308.660075	-15173906.425147
10321.702636	-15246684.875498
10334.338177	-15218379.669125
10347.027090	-15143130.587558
10359.093570	-15236667.958734
10371.803001	-15181803.487086
10384.517929	-15223315.569725
10397.103766	-15026792.616792
10409.956339	-15086628.776208
10422.150719	-15156160.023704
10434.704126	-15204583.162521
10447.515694	-15191214.131745
10460.521458	-15138969.896327
10473.701360	-15076067.525718
10486.240426	-15123592.471295
10499.678715	-15129874.527437
10513.123503	-15202760.603783
10526.568534	-15186734.773953
10540.674892	-15176590.399930
10554.289381	-15049860.048457
10567.957577	-15152324.825101
10581.370576	-15120240.716890
10594.549308	-15151145.590740
10607.776311	-15051946.775264
10620.433075	-15296528.408936
10633.522796	-15049785.273805
10646.159907	-15135255.141175
10658.902013	-14883507.204946
10671.256234	-15090135.588770
10684.325000	-15172133.605011
10697.092765	-15171557.067054
10709.626921	-15048016.949394
10722.520561	-15086764.990628
10735.960822	-15018104.659960
10748.875460	-15225983.055318
10762.536788	-15226042.881090
10777.044443	-15101114.690574
10790.749535	-15153054.797139
10804.163325	-15294148.189366
10817.232938	-15074647.475012
10830.693172	-15123531.272234
10843.975954	-15078078.342175
10857.175817	-15186353.449960
10870.055105	-15183651.764703
10882.757135	-15049208.049372
10895.852054	-14961205.076274
10908.161415	-15062597.583178
10921.242379	-15008980.095778
10934.114922	-14962244.163747
10946.519017	-14993170.914162
10958.962669	-15077276.334065
10971.730013	-15112409.745207
10984.560251	-15085626.451214
10997.034349	-15123595.498576
11010.082618	-15091162.025461
11023.121772	-15063219.247509
11035.903384	-15042078.871567
11049.045173	-15133080.252251
11062.640018	-15242377.630873
11075.948454	-15108737.590408
11089.643222	-15242931.957092
11102.023133	-15200277.436157
11113.755454	-15085585.633507
11125.522088	-15126169.270020
11137.205292	-15048193.417470
11148.631617	-15173692.474508
11161.001137	-15050309.697107
11173.939144	-15060610.501413
11186.677835	-15085980.106156
11199.456192	-15177644.743066
11212.292167	-15175044.590593
11224.856923	-15031402.115849
11237.194459	-15115660.947126
11250.080039	-15020968.260155
11262.618315	-15168141.071318
11275.502966	-14964294.652080
11288.317609	-15169820.486605
11300.512299	-15181079.104915
11312.889929	-15204935.853313
11325.350845	-15017970.331052
11337.811514	-15093156.335017
11350.518748	-15101350.489895
11363.277022	-14996551.621124
11376.465793	-15120045.552886
11389.770864	-15026764.390092
11403.356595	-15070129.218973
11416.567026	-15148882.519329
11429.676043	-15220347.208737
11443.222053	-15143316.197554
11457.053362	-15061407.909216
11470.899055	-15055408.030975
11484.427186	-15087095.298418
11498.220379	-15187402.417157
11511.377068	-15020096.258254
11524.308426	-15079092.517630
11537.158681	-15002891.033942
11549.983149	-15025428.840630
11562.771787	-15095895.135479
11575.738615	-15085589.849704
11588.465727	-15096525.075683
11600.714290	-14927894.258918
11612.669561	-15052632.410542
11625.396439	-15082494.516057
11637.724893	-15028826.282695
11649.870696	-14995804.087468
11662.314891	-15036593.859359
11675.337138	-15029074.237869
11688.054586	-15038819.084803
11701.134718	-15101084.951962
11714.955068	-15230549.103704
11728.592110	-15104587.645581
11742.236851	-15091381.325438
11755.990018	-15018085.944537
11769.957929	-15102864.435597
11783.423511	-15056954.257861
11796.778334	-14953227.879542
11809.985341	-15063964.961478
11822.964880	-15062993.262527
11835.659222	-15004440.067014
11848.219329	-15121298.423189
11861.240387	-15063193.286845
11873.550469	-15240096.619448
11885.859581	-15145137.067839
11898.327258	-14933644.169052
11911.074558	-15072752.232927
11923.779824	-15130254.625474
11936.181175	-15065363.265704
11948.514032	-14923021.271992
11961.296267	-15097388.153321
11974.023041	-14987901.102138
11986.281095	-14924799.614763
11999.458223	-15166880.262252
12011.863903	-15085644.356706
12024.428952	-14944107.309560
12037.430914	-15093924.037206
12050.085112	-15026202.409889
12063.086928	-15067887.043771
12076.487441	-14912676.532852
12089.570084	-14852873.194031
12103.339361	-15074061.297219
12117.263902	-14961143.606428
12130.730107	-14997226.013047
12144.080859	-15144898.567129
12157.158551	-15084756.309317
12170.623070	-15199596.213017
12183.567183	-14864142.245017
12196.248114	-14919616.260630
12208.946953	-14935582.569119
12221.694493	-14981944.268389
12234.287104	-15161813.511139
12247.001184	-15089692.972255
12259.387646	-15029653.256371
12271.692714	-14947208.537606
12284.283293	-15063894.417420
12296.643335	-15084957.010393
12308.872186	-14955602.928480
12321.194980	-15005332.482657
12333.547862	-14956691.880333
12345.896530	-14980367.366774
12358.533951	-14951848.905119
12370.898029	-14871148.414135
12383.358914	-14968235.447746
12395.845574	-14944460.595124
12408.663825	-14959996.543145
12421.695832	-14953965.799185
12435.057083	-15109498.122799
12447.699583	-14979036.184114
12460.967849	-15008016.903191
12474.349627	-14864346.116437
12488.050298	-14939148.698470
12501.632904	-14955228.969429
12515.191505	-14957858.786319
12528.595424	-14959788.115523
12542.138227	-15072655.140196
12555.402483	-15014528.864745
12568.286226	-14937599.372652
12581.209804	-14923388.720138
12594.329188	-15053095.754148
12606.978865	-14992340.430461
12619.613270	-14919580.118776
12632.074629	-14971420.954404
12644.565814	-14886576.536743
12657.268331	-15071088.345753
12669.831426	-15050571.470405
12682.666788	-14826118.706212
12695.153038	-15029639.474556
12707.318523	-14913284.948710
12719.870128	-14939454.342862
12732.408012	-14946381.810074
12745.191796	-14977456.196510
12757.530173	-15054753.107926
12770.253840	-15039778.878683
12782.929315	-14999008.269710
12795.829771	-14946531.105300
12808.587258	-15040151.738623
12822.370779	-14872794.797262
12836.224173	-14782323.625978
12849.906986	-14864735.502212
12863.476726	-14979613.453419
12876.831445	-15021548.345735
12890.048310	-15010875.906083
12903.417539	-14983246.405352
12916.464302	-14857409.734765
12928.303727	-14899652.201554
12939.501790	-14874746.604140
12950.812596	-15046148.239553
12962.062817	-14916667.759714
12973.160869	-14980037.329329
12984.394438	-14912119.299289
12997.662360	-14944891.169594
13010.385034	-15031108.800947
13022.953619	-15006329.747416
13035.083554	-14880542.125676
13047.749609	-14987064.124289
13060.365068	-15098497.282953
13073.075318	-14789602.098991
13086.286245	-14957554.749776
13099.382155	-14952897.900296
13112.659361	-15030245.187563
13126.095339	-14909950.595581
13139.364219	-14958147.583991
13152.868128	-14909339.844983
13166.738781	-14906339.233448
13180.785870	-14910935.470259
13194.452903	-14949097.421617
13207.638911	-14890089.995215
13220.611368	-14927657.805634
13233.936776	-14974150.718678
13246.694982	-14899906.836205
13259.522392	-14840867.991410
13272.417218	-14915485.564488
13285.525716	-14869358.011328
13297.628189	-14820758.240556
13310.616180	-14850824.566384
13323.246182	-14902895.909614
13335.338863	-14880812.895577
13347.268377	-15085529.543290
13359.296157	-14847696.017002
13371.870574	-15026815.849257
13384.654698	-15005613.429790
13397.085099	-14931228.697789
13409.940724	-14899197.203239
13422.734226	-14823977.914721
13435.241649	-14997816.127186
13448.422145	-14858774.871334
13461.371137	-15135334.041095
13474.845383	-14860528.507470
13488.141902	-14884414.509972
13501.331301	-14760147.838507
13514.103690	-14918415.370550
13526.934870	-14871341.872641
13539.937225	-14968432.238680
13553.175394	-14832129.813117
13566.888118	-14892054.115210
13581.163503	-15111548.897655
13594.697756	-14780650.742838
13608.262735	-14911346.103194
13621.329930	-14723190.787034
13634.491471	-14849538.068726
13647.581884	-14875611.660024
13660.492268	-14922335.317084
13673.062118	-14836696.740570
13685.470257	-14887250.773170
13698.317153	-14950789.977999
13711.028061	-14819226.272891
13723.436433	-14888103.210756
13736.316075	-14994214.011236
13748.679912	-14931225.750501
13760.792206	-14957849.821025
13773.719642	-14937864.480772
13786.515113	-14920640.073816
13799.051991	-14849542.449279
13812.526796	-14825013.728457
13825.766285	-14786040.723105
13838.557498	-14887474.612292
13851.429317	-14887722.304571
13864.693486	-14936092.909644
13877.725149	-14891461.662239
13890.776854	-15018901.181136
13904.580333	-14907473.205617
13918.686937	-14821607.482742
13932.212771	-15032134.539463
13945.750608	-14862200.559127
13959.405189	-14826237.743422
13972.467545	-14932674.967456
13985.672674	-14801909.444956
13998.785376	-14955490.993245
14012.268555	-14870633.545943
14025.505199	-14867789.682908
14038.431839	-14977387.423094
14051.320788	-14795078.664834
14063.681399	-14839142.639396
14076.316794	-14761769.855982
14088.501029	-14802982.471050
14100.857404	-14842238.971273
14113.600155	-14771501.290187
14125.948127	-14842600.259303
14138.278829	-14856246.798947
14150.744694	-15011484.993241
14163.016796	-14820618.685033
14175.752884	-14860043.853830
14188.468379	-14801763.558902
14201.827026	-14950275.659511
14214.869416	-14807381.474780
14228.546329	-14816814.097599
14241.862812	-14758875.325257
14254.960384	-14839996.573989
14268.517762	-14833106.913090
14282.335781	-14744250.959225
14296.230535	-14836245.894381
14309.903496	-14940665.022643
14323.255302	-14860541.245198
14336.382927	-14816071.365971
14349.178557	-14859605.185243
14362.340228	-14941090.901349
14375.238343	-14810447.071834
14388.771103	-14890105.917941
14401.454261	-14755090.222018
14414.345884	-14845312.428398
14427.280566	-14892731.505964
14439.661442	-14770288.090049
14452.229861	-14895559.374419
14464.496204	-14763961.206962
14476.832527	-14840518.459125
14489.335603	-14780704.160095
14501.796771	-14767232.283255
14514.832188	-14971920.022522
14527.722056	-14692187.124845
14541.113433	-14995515.462930
14554.105218	-14791686.515567
14567.129808	-14839766.571170
14580.324938	-14804306.701015
14593.705450	-14923349.294949
14607.469847	-14680758.379978
14621.400292	-14762526.090576
14635.047063	-14752638.221654
14648.635157	-14874072.908974
14662.009160	-14816365.153094
14675.150314	-14783738.430718
14688.729665	-14842858.938442
14702.164189	-14847772.911888
14715.203012	-14669045.506753
14728.473095	-14788723.323150
14741.173516	-14922533.053707
14752.463207	-14812762.310399
14763.510840	-14880973.197542
14774.280494	-14877361.593317
14784.734338	-14826843.392141
14795.499545	-14817993.766530
14807.616339	-14718777.546544
14820.145397	-14786786.467958
14832.759934	-14763901.203340
14845.901741	-14841017.989932
14858.476283	-14719872.200891
14872.051762	-14787368.449574
14885.044866	-14837645.817023
14898.299264	-14669577.245537
14911.564503	-14758230.186413
14925.956512	-14598982.829897
14939.310600	-14842296.470797
14952.913892	-14796452.836982
14966.215877	-14873786.426933
14979.534872	-14785291.445838
14992.252701	-14934275.911466
15005.356280	-14834853.773261
15018.015786	-14847991.253333
15030.930684	-14803434.193915
15043.419508	-14676268.982326
15055.972752	-14744631.753366
15068.201082	-14764638.957806
15080.511287	-14665733.003642
15093.004803	-14737720.351774
15105.539741	-14745605.070798
15118.118519	-14805292.478182
15130.995591	-14912501.199104
15144.120386	-14777992.751280
15157.862814	-14791871.159222
15171.246917	-14662884.158018
15184.697762	-14747762.668508
15198.292146	-14741693.263499
15212.683673	-14720019.995966
15226.422502	-14720270.824980
15239.776642	-14659088.696212
15252.949195	-14810883.161003
15266.178808	-14787141.196628
15279.607703	-14976398.484953
15292.421273	-14692298.339777
15305.595526	-14913149.035447
15318.388126	-14652463.447039
15331.074357	-14839812.787367
15343.851834	-14692281.021655
15355.353977	-14799223.491451
15366.292360	-14709319.447387
15377.587550	-14831728.911960
15389.722847	-14734301.263190
15402.436800	-14750664.803651
15415.474102	-14848515.610128
15428.536508	-14904468.904422
15441.560766	-14706106.517577
15454.896125	-14683725.464869
15467.798670	-14743534.234421
15481.002309	-14700426.217228
15494.690177	-14793437.445643
15508.999703	-14642797.711734
15522.455339	-14781224.916104
15536.024160	-14600223.406629
15549.424956	-14773374.637085
15562.522569	-14799820.238592
15575.392530	-14838392.296251
15587.976785	-14679372.252215
15600.636785	-14831275.989404
15613.184460	-14824624.102751
15625.589436	-14772937.925836
15638.109023	-14768025.025794
15650.478490	-14866939.436298
15662.758734	-14663830.837450
15675.372243	-14856045.155942
15688.319569	-14652495.085339
15700.370480	-14656381.686332
15713.836598	-14678249.838929
15726.853766	-14717294.933195
15739.900885	-14700472.667182
15752.633579	-14723732.473034
15766.166959	-14659672.078231
15779.471859	-14745494.574424
15793.396023	-14845653.909712
15807.041992	-14892060.356711
15821.016394	-14713470.778903
15834.755472	-14739460.121903
15847.804442	-14729418.176397
15860.879876	-14738227.283031
15873.847278	-14717671.229267
15886.313475	-14628019.621227
15899.461469	-14694117.093132
15912.425558	-14717535.676485
15924.925770	-14675570.312983
15937.720996	-14692462.324027
15950.114843	-14781805.829277
15962.600755	-14614331.826312
15974.943239	-14602970.560740
15987.864582	-14815019.929511
16000.636165	-14774475.685239
16013.672376	-14728688.217240
16026.649547	-14721199.026938
16040.301973	-14686630.477916
16053.557149	-14727149.182107
16066.872941	-14693882.882003
16080.433941	-14672721.583187
16094.573032	-14577687.120893
16108.206074	-14681152.311399
16122.024610	-14725091.313875
16135.548182	-14744825.924309
16148.879670	-14748163.876141
16162.046859	-14667139.969047
16175.385381	-14792431.579755
16188.592723	-14733730.246168
16201.159886	-14716769.336871
16213.782753	-14648199.159305
16226.506338	-14815361.732106
16238.993507	-14663456.295540
16251.393455	-14722281.188955
16264.049934	-14666841.222223
16276.732837	-14646498.139444
16289.503104	-14717922.032869
16302.231220	-14753214.410184
16314.409439	-14704603.317378
16327.202231	-14658529.763257
16339.821562	-14787875.222885
16352.880042	-14666663.729192
16365.791852	-14706543.191654
16379.131857	-14715436.712946
16392.388022	-14694516.055358
16406.355031	-14674820.410527
16420.345198	-14578388.458204
16434.110826	-14608036.243269
16447.782573	-14698293.540499
16460.752981	-14678833.181529
16473.985884	-14685871.522278
16486.369449	-14649552.318055
16499.097705	-14701679.510109
16511.743423	-14751789.725398
16524.161576	-14774857.651535
16536.412376	-14760219.818125
16549.272443	-14730029.103789
16560.010045	-14688578.670200
16570.606917	-14658132.518226
16581.385486	-14666046.204596
16592.152611	-14655998.634229
16603.146330	-14681845.818790
16615.194864	-14701078.647541
16628.007267	-14775167.979099
16641.565178	-14706635.572490
16655.135430	-14657407.441850
16668.675378	-14680273.168179
16681.764193	-14578732.325033
16695.102485	-14602389.559505
16708.843286	-14618958.314472
16723.004009	-14555257.121987
16736.490638	-14641105.497240
16750.030453	-14646530.603593
16763.572372	-14676360.551821
16776.691027	-14608581.063413
16789.915369	-14643707.729174
16803.260421	-14758092.011247
16816.603113	-14524834.882038
16829.913467	-14876239.655685
16842.841641	-14681105.390687
16855.608223	-14645418.297257
16868.319520	-14805900.979763
16881.097704	-14575600.364756
16893.748675	-14611385.387698
16906.383653	-14624860.484843
16919.255074	-14691727.488948
16932.088926	-14641254.316786
16944.796901	-14620528.986208
16957.273224	-14585891.641858
16970.091168	-14699666.959281
16983.338797	-14562012.954120
16996.722600	-14572009.118294
17010.717246	-14700256.889946
17024.430182	-14781465.942068
17037.759385	-14633346.906393
17050.873066	-14660692.063576
17064.052713	-14813600.341973
17077.030578	-14607655.682573
17089.835151	-14537965.226232
17102.526055	-14583494.814049
17115.467877	-14535391.627804
17127.743852	-14517275.952968
17140.202525	-14669104.944927
17152.913633	-14637649.418254
17165.343692	-14526872.987450
17178.313336	-14557857.262845
17191.603637	-14476030.782106
17205.035387	-14595706.343063
17218.478158	-14763643.917329
17232.063238	-14657554.199328
17245.743198	-14739099.667592
17259.420063	-14649786.415269
17272.583215	-14561015.223130
17285.812313	-14646258.437986
17298.806063	-14683034.155233
17312.046147	-14514946.724440
17324.947270	-14588209.239920
17338.009677	-14514493.203710
17350.618620	-14568917.141965
17363.335668	-14551416.068661
17375.906647	-14558181.301827
17388.418237	-14639314.950691
17400.388987	-14518173.220649
17412.835560	-14642354.963045
17425.098089	-14674794.628783
17437.515458	-14691994.619105
17450.381364	-14655403.010933
17462.779814	-14623567.362916
17475.396054	-14684009.577057
17488.479718	-14577511.442922
17501.095896	-14574946.660845
17513.828217	-14662815.928358
17526.920546	-14605314.991557
17540.022123	-14646528.664067
17552.865740	-14571868.150677
17566.830210	-14673789.972669
17580.777697	-14672801.566304
17594.194598	-14656165.282170
17607.443970	-14715538.111689
17620.589275	-14463644.251539
17633.543800	-14637672.122563
17646.492351	-14491653.722947
17659.338452	-14669561.494060
17672.173417	-14615679.687530
17684.778534	-14412112.193556
17697.119592	-14500814.631834
17709.654122	-14570169.884032
17722.200735	-14611615.571654
17735.051808	-14658180.716259
17747.340833	-14627958.123582
17759.999645	-14649619.815990
17773.062127	-14580508.753028
17786.723179	-14594202.360081
17799.996438	-14660742.920363
17812.634381	-14533500.678939
17826.001401	-14448787.676558
17838.840327	-14644407.273657
17852.217039	-14552219.410923
17865.977854	-14653539.342735
17880.143300	-14606422.542117
17893.664945	-14638894.809323
17907.264828	-14588982.144479
17920.355580	-14665718.531622
17933.391760	-14572236.578720
17946.407708	-14503740.024155
17959.024490	-14676765.749458
17971.645953	-14628153.059392
17984.057875	-14595524.484226
17996.506782	-14726119.750505
18009.254113	-14608646.925932
18021.529259	-14535927.217845
18034.286881	-14602018.848082
18046.716960	-14542114.892479
18059.016988	-14564222.090411
18071.688572	-14555626.651228
18084.506534	-14609159.292169
18097.850707	-14611420.770098
18111.049772	-14533554.087667
18124.118121	-14605998.571493
18137.840777	-14549129.423708
18151.686171	-14638358.315663
18165.422158	-14471317.469760
18178.318086	-14549323.184923
18191.105039	-14596904.903598
18204.071416	-14451835.518999
18216.751608	-14508923.007602
18229.376043	-14519208.209043
18241.810759	-14516413.901911
18254.064984	-14563160.829661
18266.236096	-14588330.101634
18279.012825	-14552784.954711
18291.218902	-14564470.020314
18303.800935	-14616638.086840
18316.335527	-14466036.714557
18329.192709	-14475749.402107
18341.520085	-14409386.947192
18353.652140	-14583195.191492
18366.359208	-14464682.622342
18377.784780	-14739662.949412
18388.837257	-14633998.247515
18400.286247	-14616825.378296
18412.101317	-14501921.848494
18423.922154	-14517822.701779
18436.784626	-14554821.815516
18450.335861	-14527699.832213
18463.615595	-14613636.063328
18476.289727	-14517526.391501
18488.785246	-14482298.648287
18501.452098	-14536492.627776
18514.180166	-14452759.484555
18526.554647	-14455629.437643
18539.110379	-14641232.860954
18551.941004	-14530490.744195
18564.721884	-14458915.785837
18577.250825	-14486457.844100
18589.979774	-14416155.816793
18602.350915	-14609171.769963
18614.994893	-14624000.470714
18627.433177	-14573153.264484
18640.008072	-14517923.235237
18652.670984	-14525017.558930
18665.403894	-14563389.458271
18677.863182	-14541515.578727
18690.635584	-14515042.596246
18703.772564	-14527698.383724
18716.888103	-14518750.125740
18730.713061	-14442081.426419
18744.864908	-14550596.109909
18758.133637	-14532503.067177
18771.498997	-14446445.921283
18785.270184	-14532931.027213
18798.241442	-14721127.111047
18811.537409	-14559212.268764
18824.740276	-14448530.063250
18837.859292	-14445768.860001
18850.075881	-14558136.207902
18862.619454	-14527129.319922
18875.091588	-14428375.743567
18887.662022	-14620634.513637
18900.333150	-14552057.069284
18912.976402	-14549800.880740
18925.284878	-14655230.869819
18938.128014	-14428022.602290
18950.808282	-14612130.883011
18963.523752	-14503175.342420
18976.564546	-14503142.715527
18989.611179	-14522970.752407
19002.662368	-14508742.619927
19016.302054	-14494654.885556
19029.699143	-14546161.180811
19043.241071	-14605586.210217
19057.391403	-14593930.832515
19070.746099	-14516832.508864
19084.237865	-14601068.088156
19097.377259	-14612261.932964
19110.204689	-14449710.113156
19123.034953	-14406026.842789
19135.539474	-14440021.559356
19148.295847	-14473074.857815
19160.570542	-14470106.159783
19173.058663	-14499249.379428
19185.312931	-14466356.733765
19197.792419	-14644450.855070
19210.214123	-14465858.057034
19222.619057	-14460999.351951
19234.833759	-14433620.182613
19247.380388	-14505641.556236
19260.121449	-14469221.964208
19273.419116	-14569901.454541
19286.496822	-14520784.425133
19299.793070	-14462921.257475
19313.473141	-14592594.041207
19327.255853	-14580518.529513
19340.461695	-14442817.337695
19353.986761	-14532728.720087
19367.413376	-14464758.692963
19380.722878	-14479425.402378
19393.798992	-14478514.219995
19406.775903	-14541619.348094
19420.042543	-14552991.006807
19433.022065	-14443750.292505
19445.990447	-14484449.156211
19458.878559	-14492234.893754
19471.477286	-14565501.620797
19484.058362	-14466548.375843
19496.531686	-14378250.445923
19509.079045	-14624399.172612
19521.661354	-14444499.422891
19533.923523	-14505435.781710
19546.487946	-14502644.886493
19558.893556	-14509159.415370
19571.586635	-14482203.646303
19584.526176	-14473942.663903
19597.933488	-14472426.247273
19610.462640	-14568796.117639
19623.775941	-14401267.582789
19637.509061	-14444251.862893
19650.917798	-14395964.302898
19664.928478	-14391639.246199
19678.635116	-14422781.096317
19692.213882	-14457643.727147
19705.703606	-14462107.005158
19718.745496	-14497697.769741
19731.679580	-14480646.805854
19744.454431	-14469278.668531
19756.926465	-14457382.478918
19769.732498	-14450476.311304
19782.352517	-14553287.707830
19795.128656	-14377887.593372
19807.441880	-14549270.099372
19819.911564	-14378075.779411
19832.965492	-14325373.035875
19845.608866	-14475698.043937
19859.238706	-14407256.054402
19872.835461	-14397329.521533
19886.443788	-14399402.188496
19900.151464	-14438086.956486
19913.881577	-14510482.748249
19927.132793	-14397467.790629
19940.217671	-14422956.626302
19953.373229	-14601524.282535
19966.597212	-14475530.968567
19979.692727	-14308028.642908
19992.306391	-14521185.024727
20005.114858	-14487238.463445
20017.673561	-14551418.286660
20029.799300	-14514158.683310
20042.587637	-14527986.138365
20055.362264	-14374556.079852
20068.266102	-14450819.393183
20081.010507	-14534444.289724
20094.081524	-14440230.459942
20107.189783	-14434776.563179
20120.459890	-14582340.286228
20133.757787	-14334491.256064
20147.054138	-14484493.840073
20160.736129	-14296028.858871
20174.841852	-14405696.674901
20188.173319	-14382089.366369
20199.302538	-14550669.515193
20210.807643	-14443533.338549
20222.123486	-14481215.637682
20233.568003	-14575225.077245
20244.776614	-14488914.312313
20257.926446	-14391983.152989
20271.093649	-14437104.955989
20284.058931	-14428043.698140
20296.941324	-14543777.610518
20309.649198	-14410279.790839
20322.461847	-14385472.071756
20335.136272	-14426328.666154
20347.611993	-14379961.789821
20360.088541	-14557396.137507
20372.770994	-14504512.010830
20384.643351	-14430322.879711
20397.201194	-14492612.105391
20409.591045	-14353121.610309
20422.450485	-14343997.437559
20435.064123	-14497054.645948
20448.412192	-14404496.075380
20461.862063	-14466738.318790
20474.963401	-14505885.745680
20487.997957	-14515598.798539
20501.230138	-14516381.484786
20513.862745	-14407604.314323
20526.178044	-14458800.766442
20538.027673	-14401553.079243
20550.605198	-14433907.285340
20563.890663	-14507353.815848
20576.605002	-14437720.347857
20589.946913	-14381060.383510
20602.876473	-14502829.628423
20615.631548	-14414046.703489
20627.812201	-14352169.636578
20640.744363	-14454780.281712
20653.035368	-14390992.084449
20665.786253	-14470776.807652
20678.344019	-14468392.699746
20691.171383	-14488319.640693
20704.078991	-14379801.565010
20716.618448	-14437695.857501
20729.744392	-14562611.349243
20742.547815	-14504191.114061
20755.627223	-14454479.489227
20769.077609	-14352525.557082
20782.605202	-14373334.795926
20796.490533	-14474499.072557
20809.874342	-14430690.787575
20823.226614	-14367138.812464
20836.238897	-14319320.596356
20849.342458	-14375784.146753
20862.220533	-14554887.746831
20875.155488	-14352500.028071
20887.811970	-14430674.968517
20900.346893	-14468257.968511
20913.118433	-14435297.799832
20925.932574	-14343566.608303
20938.781562	-14314029.647680
20951.438957	-14457886.471002
20964.442632	-14446862.088426
20977.132089	-14292492.181653
20989.656252	-14440351.456489
21002.177778	-14430120.052314
21015.116916	-14405888.248362
21028.266716	-14453900.448117
21041.524816	-14287781.734765
21054.900132	-14359061.514895
21068.553763	-14304739.846462
21081.968645	-14327199.529129
21095.409376	-14485848.049107
21108.474411	-14412418.078136
21121.608100	-14417734.478297
21134.581054	-14428800.298627
21147.379309	-14476320.290491
21160.213238	-14318605.729086
21173.154135	-14344315.917064
21185.698717	-14345350.191957
21198.156638	-14401174.578940
21210.827769	-14452127.781601
21223.553690	-14298457.166653
21235.862153	-14393149.908770
21248.179714	-14359617.464466
21260.518046	-14395947.645291
21273.117144	-14425479.982409
21285.755853	-14360880.006790
21297.976182	-14522267.293484
21311.186850	-14374823.311497
21324.022398	-14412749.095648
21336.736182	-14312448.664079
21349.635292	-14482840.901785
21362.639500	-14486262.303760
21375.551745	-14340310.883089
21388.816322	-14376727.288978
21402.443596	-14381317.694708
21416.406275	-14520789.547571
21429.828544	-14352820.881864
21443.148717	-14319891.517634
21456.342969	-14284401.505534
21469.865208	-14415425.048829
21482.677095	-14329817.566777
21495.462697	-14466467.654253
21508.660708	-14343171.883975
21521.804765	-14346976.579976
21534.620870	-14348302.994857
21547.167502	-14333317.929546
21559.957277	-14305561.423485
21572.828682	-14465030.871831
21585.798060	-14406397.215169
21599.464867	-14533923.785633
21612.840278	-14280693.748030
21625.859840	-14390502.227913
21639.399085	-14327942.119922
21652.742924	-14388953.069972
21667.192353	-14382919.409958
21680.254093	-14245193.600957
21693.705907	-14378024.711057
21706.999658	-14303227.728669
21719.962434	-14463654.508806
21732.850116	-14368300.791669
21745.590349	-14285961.368792
21758.445244	-14292376.648242
21770.896385	-14388277.505552
21783.326533	-14342165.476567
21795.679074	-14372818.105213
21808.064668	-14328725.813251
21820.657656	-14372446.985430
21832.921119	-14353712.466561
21845.812531	-14401167.122538
21859.010151	-14322227.930002
21872.126115	-14300445.323509
21885.073086	-14345095.954102
21898.079386	-14319883.430802
21911.087161	-14277090.630735
21924.571001	-14302647.472083
21937.855182	-14302717.324896
21951.591330	-14435167.169218
21965.326513	-14291400.315257
21978.599511	-14408371.328568
21991.139418	-14347436.417127
22002.649100	-14451855.562327
22013.983716	-14471987.595056
22025.272903	-14258149.043129
22036.356590	-14375741.074919
22047.724454	-14290458.002205
22060.177143	-14331176.119672
22073.196458	-14366261.999421
22086.001063	-14281845.720189
22098.577733	-14283103.844133
22110.705432	-14249743.109485
22123.241912	-14331490.226071
22136.141347	-14362558.282809
22148.786450	-14205237.486841
22161.413941	-14366744.966170
22174.843905	-14422229.084540
22188.356972	-14354929.281742
22201.420620	-14482107.003594
22214.582829	-14341246.588876
22228.179359	-14309698.920780
22242.044005	-14262215.163822
22255.934476	-14368991.795911
22269.382600	-14214282.020244
22282.460927	-14273174.065853
22295.877937	-14308420.249653
22308.278787	-14382442.646975
22321.115233	-14353867.001293
22333.581557	-14366099.632874
22346.377332	-14277558.576350
22359.097733	-14414034.856592
22371.201898	-14216316.443651
22383.678377	-14248039.345994
22396.463417	-14219847.387341
22408.368415	-14299316.550031
22420.999264	-14269356.018127
22433.982514	-14322555.961679
22446.422550	-14312572.594705
22459.319861	-14239326.521885
22472.352331	-14186945.332397
22485.290761	-14317118.372710
22498.440647	-14191931.491044
22512.008735	-14284445.521908
22525.174752	-14271662.730138
22538.748397	-14369228.034595
22552.564671	-14474916.398183
22565.773103	-14295475.282705
22578.742952	-14302310.290552
22591.868110	-14308098.940805
22604.656623	-14350884.663283
22617.560697	-14380397.819284
22630.145113	-14231375.220808
22642.588676	-14301213.667339
22655.331435	-14219450.216051
22668.036974	-14450962.555672
22681.012668	-14296732.396423
22693.823863	-14276517.419199
22706.578126	-14210509.269736
22719.731894	-14360334.854739
22732.988398	-14309829.670509
22746.371574	-14279922.758937
22759.810947	-14276414.065238
22773.910629	-14213710.212695
22787.207378	-14243329.016530
22800.638703	-14214078.648403
22813.889861	-14444902.365141
22827.179255	-14263372.171095
22840.273876	-14293464.927646
22852.761060	-14372973.467805
22865.422586	-14237658.588360
22878.173059	-14216687.718126
22890.433839	-14383903.171006
22902.930781	-14262870.278001
22915.403879	-14229489.273828
22928.315328	-14184967.571758
22940.586053	-14259449.432692
22953.386323	-14256093.439146
22966.666101	-14342907.690688
22979.324217	-14304758.000630
22992.597410	-14346446.235402
23005.931827	-14251936.478171
23019.109316	-14236360.675591
23032.526781	-14331801.232272
23046.150978	-14202045.230512
23059.731877	-14426976.540137
23073.049421	-14286673.388105
23086.519861	-14300029.018794
23099.668871	-14428119.518709
23112.628364	-14330356.014861
23125.607722	-14218529.850156
23138.331660	-14343225.380135
23151.601608	-14242853.219112
23164.498245	-14310589.953215
23177.300606	-14285393.998398
23189.935142	-14226131.151197
23202.136861	-14251828.835526
23214.751047	-14300760.968156
23227.486729	-14216474.882241
23239.829641	-14236313.988868
23252.720755	-14260609.229513
23265.097978	-14287172.275488
23277.526044	-14300854.119078
23290.630622	-14288387.053794
23303.713092	-14223096.366982
23316.961420	-14176234.405457
23330.250458	-14151938.243369
23344.042487	-14275211.726722
23357.818037	-14159004.992090
23371.275401	-14249147.127275
23384.352825	-14333708.948035
23397.672935	-14324310.106012
23410.769133	-14271147.895168
23423.593625	-14473218.979895
23436.309611	-14248802.785081
23448.807690	-14320506.676768
23461.569925	-14235048.029225
23473.872791	-14137075.943707
23486.238421	-14193752.658808
23498.729619	-14120694.514149
23511.596045	-14312396.747125
23524.292715	-14313118.774416
23537.099731	-14156559.686210
23550.513756	-14301109.880433
23564.052033	-14357697.425690
23577.735719	-14237324.806690
23591.330129	-14224314.988525
23604.949541	-14349785.778676
23618.756039	-14366597.607509
23632.216160	-14210899.467856
23645.529415	-14305909.624303
23659.144986	-14179044.596128
23672.332497	-14291988.647039
23684.716042	-14219617.025531
23697.079449	-14272343.866912
23710.101518	-14186070.407546
23722.817306	-14236555.537704
23735.695132	-14133916.656554
23748.444842	-14234221.727240
23760.800537	-14171789.416885
23773.239997	-14176336.599472
23785.589302	-14228290.207377
23797.742779	-14214229.958747
23808.629313	-14202642.110360
23819.584513	-14279993.320297
23830.102108	-14259531.157851
23840.981418	-14322884.863870
23852.266416	-14235909.850811
23863.817501	-14159616.481599
23876.175006	-14282879.540184
23889.911278	-14255155.896468
23903.349720	-14171534.651176
23916.717081	-14262321.808503
23930.799594	-14216503.706387
23944.487541	-14064345.005294
23957.750628	-14243768.734985
23971.175915	-14140159.653114
23984.165466	-14313069.527234
23997.317529	-14188598.299338
24010.028585	-14228360.918965
24022.823715	-14197518.650702
24035.499590	-14339219.623360
24048.189182	-14109968.589663
24060.599004	-14319781.019034
24072.786375	-14231418.658793
24085.387727	-14192083.070907
24097.742064	-14278992.108036
24111.253983	-14132378.163509
24124.760405	-14233056.125865
24137.982180	-14275506.125284
24150.958163	-14363515.258017
24164.139342	-14145897.779973
24176.809020	-14263703.125797
24189.804541	-14185461.468755
24203.351450	-14200648.145378
24217.610421	-14158569.227865
24231.378329	-14197014.848782
24244.287775	-14148563.813303
24257.195041	-14157864.103436
24269.891631	-14213869.583883
24282.601813	-14193345.375642
24295.322393	-14128561.318016
24307.749250	-14233777.158277
24319.750091	-14216156.777205
24332.293742	-14145771.069325
24344.576641	-14302792.506323
24357.702972	-14251287.540465
24371.089354	-14319706.582971
24383.739630	-14195583.532994
24397.468690	-14235776.234657
24411.200280	-14145525.022751
24424.786823	-14264825.850098
24438.866764	-14324303.298520
24452.341013	-14316767.338579
24466.029366	-14206471.439517
24478.942618	-14168685.946735
24492.267379	-14208301.260434
24505.304792	-14181355.717041
24517.583100	-14212883.753430
24530.309025	-14129000.574459
24542.873178	-14346763.337896
24555.218958	-14314251.496198
24567.615456	-14271377.227830
24579.743319	-14208283.635749
24592.666082	-14087292.898318
24605.277649	-14324112.979702
24617.544831	-14192017.620871
24630.091409	-14128087.208596
24642.624048	-14307523.793760
24655.237329	-14194175.120029
24667.584447	-14202914.186886
24680.205522	-14323625.654644
24693.183768	-14127083.082454
24706.153548	-14249461.755371
24719.664347	-14169367.918336
24733.163702	-14235656.079934
24746.849954	-14128368.379002
24760.409154	-14217437.556488
24773.630752	-14092416.369826
24786.363228	-14196944.210682
24799.725208	-14187098.235824
24812.472062	-14107967.586700
24825.308802	-14298400.229838
24837.946328	-14241685.542300
24850.272872	-14253494.335493
24861.657620	-14183716.557934
24873.520807	-14118859.513912
24885.000613	-14183766.588091
24897.059439	-14173697.840139
24909.501586	-14136256.133981
24922.380361	-14142021.324056
24934.879735	-14208112.476805
24947.260186	-14041563.071678
24959.828554	-14271879.196293
24972.723918	-14166319.362108
24985.679963	-14255440.155067
24999.282359	-14171902.105528
25012.676308	-14108923.671876
25026.320878	-14130816.088369
25039.973125	-14055321.536988
25052.967311	-14190406.823233
25066.200378	-14170696.289164
25079.262142	-14184634.239049
25092.264223	-14086101.512426
25104.899931	-14218859.658123
25117.744457	-14111320.244893
25130.554847	-14192569.403844
25143.048800	-14318491.460306
25155.593248	-14256364.035418
25168.195559	-14065281.510913
25180.462075	-14149063.881627
25193.169665	-14245332.077415
25205.944088	-14135371.566724
25218.461349	-14063597.283138
25231.575221	-14095541.125250
25245.054575	-14139100.193845
25258.579535	-14121413.245181
25271.739378	-14167640.675221
25285.332201	-14202762.354136
25299.249413	-14216136.944330
25312.271317	-14116174.054752
25325.351034	-14161503.551627
25338.339883	-14116644.877684
25351.008459	-14197910.253154
25363.681221	-14067710.178634
25376.422798	-14080226.192725
25388.916908	-14124901.443092
25401.690434	-14140841.386834
25414.306132	-14282492.417259
25426.584181	-14212696.281677
25439.112157	-14220255.030408
25451.760852	-14089161.292938
25464.464353	-14096216.305024
25476.964131	-14116874.784792
25489.796409	-14206394.637777
25502.432077	-14134252.000324
25515.548734	-14285055.681660
25529.089833	-14063170.147323
25542.565693	-14184555.697921
25556.076879	-14165421.402058
25569.969584	-14231660.324901
25583.198475	-14080469.977168
25596.654532	-14106745.908772
25608.562483	-14076706.624990
25619.366749	-14097019.982805
25630.361323	-14097502.642789
25641.295407	-14113829.497228
25651.599569	-14204648.420702
25661.496862	-14061973.000766
25671.600669	-14024456.772316
25682.645565	-14076464.697203
25694.176996	-14178664.182653
25707.136335	-14110502.117511
25720.892314	-14139848.653423
25734.074955	-14029275.081586
25747.641444	-14126179.137290
25761.680673	-14004846.256516
25775.505526	-14078747.761800
25789.044317	-14082819.895985
25802.162462	-14100309.477145
25815.299565	-14138117.169171
25828.618787	-14123168.414224
25840.880483	-14089225.576653
25853.687390	-14070599.702405
25866.529643	-14162480.042537
25879.737823	-14147986.474773
25892.690025	-14258439.970482
25905.599603	-14160445.858105
25918.528468	-14153361.314689
25931.948035	-14068346.193088
25945.550249	-14066831.856019
25959.201106	-14001572.638892
25973.212761	-14157336.274102
25986.735524	-14116927.337478
25999.883337	-14194095.985771
26012.439955	-14055648.123661
26025.363166	-14089185.132632
26038.247105	-14071864.243237
26050.644684	-14222765.336020
26063.326585	-14068009.976301
26075.922095	-14101030.007115
26088.558426	-14052836.606376
26101.392926	-14115550.066701
26114.135585	-14184117.142206
26127.106751	-14209304.107467
26140.354313	-14113551.695994
26154.046381	-14176753.324330
26167.221225	-14180363.468506
26180.739624	-14016452.841009
26194.527875	-14141180.925745
26207.951553	-14043688.120074
26221.349365	-14141037.852565
26234.793284	-14079118.959673
26248.195246	-14038888.173785
26261.541828	-14151278.328174
26274.348083	-14140065.113546
26287.194686	-14128753.195675
26300.249047	-14089695.442217
26312.489728	-14126283.287424
26325.316504	-14231739.993129
26337.991699	-14103832.019098
26350.646792	-14034049.349428
26362.920932	-14122772.293469
26375.624681	-14113088.893349
26388.795390	-14172757.423176
26402.356208	-14138306.778024
26416.036960	-13955507.518334
26429.546579	-14074283.430201
26442.801988	-14149542.273710
26455.952080	-14087290.975116
26468.899651	-14115543.797003
26482.031437	-14145980.213544
26494.967248	-14133958.819600
26507.791473	-14025281.320190
26520.053285	-14104178.152919
26532.648657	-14068097.131253
26545.363763	-14058610.711302
26557.592343	-14114304.391419
26570.108608	-14197013.306255
26582.485451	-14091022.082425
26594.762921	-14163038.934079
26607.393574	-14153987.918223
26620.070466	-14043411.297602
26632.814130	-14176670.512617
26645.650094	-14059959.716464
26658.380805	-14097591.675925
26671.308035	-14062832.857249
26684.665777	-14031384.879635
26698.397525	-14120857.049163
26712.140006	-14079393.012202
26726.050382	-14078732.767855
26739.272585	-14184464.397347
26752.368736	-14045229.344666
26765.486225	-14099586.721557
26778.652930	-14084290.260448
26791.686900	-14042417.841658
26804.575373	-14102105.405164
26817.031963	-14197170.051439
26829.679915	-14055069.977384
26842.022785	-14092967.236292
26854.577882	-14186412.205830
26867.387453	-14019498.392212
26880.217388	-14089256.510339
26892.483270	-14107256.995179
26905.167291	-14121487.233060
26917.838646	-14084075.024024
26930.519783	-14158494.856891
26942.865250	-14034661.492193
26955.242773	-14067295.126407
26968.551861	-14158326.968197
26982.089309	-14063945.273179
26995.593196	-14054434.056549
27008.742632	-14087144.554693
27022.340063	-14150356.836863
27035.934795	-14070566.874192
27049.658063	-14119370.205185
27062.445638	-13974010.833147
27075.798088	-14062270.040593
27089.040447	-14008644.695582
27102.387842	-14013538.042284
27115.359747	-14047438.111679
27128.128468	-14126667.419182
27140.653790	-13927553.417425
27153.024618	-14124997.104835
27165.833626	-13993392.194488
27178.389619	-14085581.799345
27191.119858	-14077879.558910
27203.687669	-14072168.533385
27216.229094	-14044753.898097
27228.843034	-14050004.192353
27241.637476	-14052152.945803
27254.774827	-14066821.904415
27268.558634	-14095897.912994
27282.579850	-14016920.488562
27295.611760	-14118863.013714
27308.931340	-14012636.214878
27322.620002	-14043483.703173
27335.646844	-14008134.875498
27348.175598	-13924906.233209
27360.912144	-14013368.030139
27373.036060	-14026271.263285
27383.848144	-14049756.515819
27394.604918	-14069149.805659
27405.376207	-14024400.707223
27415.975580	-14037290.457462
27426.669387	-13992599.380996
27438.500669	-14013185.835153
27450.620728	-14107008.641387
27462.767197	-14151992.021064
27475.389588	-14056053.417667
27488.242771	-14093066.472178
27500.938126	-14010305.926769
27513.709162	-14066806.281871
27526.711912	-14122462.906513
27540.370203	-14110818.874927
27553.432659	-14057984.739079
27567.085758	-14039602.998656
27580.952431	-14023273.042606
27594.841398	-14093851.187849
27607.949405	-14048032.212502
27621.047829	-14030145.917400
27634.179719	-13928189.089960
27647.152996	-13895682.982401
27660.175766	-14004772.873870
27672.854297	-14182626.118159
27685.788086	-14097472.584116
27698.579341	-13956280.838852
27711.038331	-14084316.067061
27723.706408	-14096482.749206
27735.904917	-13952855.206065
27748.254464	-14038482.393347
27760.665076	-14086021.229561
27773.101494	-13980762.952482
27785.674147	-14034980.193940
27798.221581	-14060807.440437
27810.800791	-13978426.822020
27823.582061	-14083851.686005
27836.720155	-14011303.037991
27849.786861	-13926061.773288
27863.461679	-14012152.983166
27877.203164	-13978070.344127
27891.009893	-14068602.954200
27904.670173	-13989187.904987
27918.233242	-14016736.250271
27931.705430	-13933203.078896
27944.964586	-14100095.058837
27957.368646	-14115848.340973
27970.184454	-13969076.583771
27983.261595	-13928703.750401
27996.046045	-14087654.057702
28008.425843	-14040237.328727
28020.635729	-14012478.637266
28033.135184	-14012044.591500
28045.807816	-13955746.529135
28058.526674	-13999802.347803
28071.556900	-14043155.005455
28084.411994	-14044971.636597
28097.912334	-13942919.953293
28111.375293	-14104560.142743
28124.421250	-13963544.493357
28137.635005	-14005719.997051
28151.296827	-13980165.413686
28165.188302	-13905758.095606
28178.933134	-13967372.944326
28191.754691	-13871813.910617
28205.286950	-14025294.270565
28218.405373	-13927881.470135
28230.986081	-14068289.107929
28243.842767	-13978170.463532
28256.461195	-14073247.505323
28268.878676	-13965577.381519
28281.253949	-14135068.211087
28293.994800	-14008207.203155
28306.432708	-13906941.915969
28318.863631	-14007510.728630
28330.951059	-13953119.144041
28343.223559	-13950084.814442
28355.662514	-13975553.654222
28368.400803	-14009564.054061
28380.508355	-13964330.318970
28393.149411	-13936541.114076
28406.437475	-13928770.886866
28419.428615	-13928662.927282
28432.378427	-14069018.167874
28445.004639	-14029659.903297
28458.478265	-13911468.132356
28472.062491	-14005172.716619
28485.713401	-13949856.646695
28499.706199	-13989801.402482
28513.151755	-14006968.073177
28526.145847	-14047207.100946
28539.435111	-13954719.265571
28552.743139	-14002846.073643
28566.094547	-13981332.152139
28579.469849	-14047874.739817
28592.311435	-13987136.760584
28604.822032	-14007463.862937
28617.515637	-13979223.515808
28630.167479	-13911661.067642
28642.592177	-13927284.899297
28655.009694	-13933959.757921
28667.359594	-14000094.015762
28679.664684	-14037982.097084
28692.162278	-13949114.797094
28704.861080	-13975606.740323
28717.598178	-14067946.978130
28731.329413	-13948581.659679
28744.814648	-14050164.396975
28758.216035	-13995893.850952
28771.974522	-13989314.370297
28785.595651	-13896852.062419
28798.447319	-13947295.522985
28811.164791	-14006677.045331
28823.967051	-13997944.562234
28836.912270	-13943111.588088
28849.555476	-14028691.390687
28862.331436	-13889614.240111
28875.201752	-13926827.306280
28887.763267	-13992178.675822
28900.463483	-13961410.048219
28912.789373	-14076692.097547
28925.750491	-14018268.382838
28939.001766	-13843648.849148
28952.266567	-13972410.180805
28965.355393	-14104188.049979
28978.435568	-13991824.626680
28991.969700	-13873534.813168
29005.530062	-13891787.297801
29019.217998	-13971540.339584
29032.524109	-13920632.662368
29045.636908	-13990767.550296
29058.675597	-14064481.323932
29071.239935	-14085769.178926
29083.880264	-14029565.962357
29096.349254	-13955003.342023
29108.771355	-14027110.408818
29121.632490	-13925907.952844
29133.834423	-14057026.131602
29146.392128	-14078063.499474
29158.856135	-13986881.497694
29171.475316	-14015690.164759
29184.301306	-13974704.597785
29195.560837	-13955679.351672
29206.911956	-14066735.073282
29218.523504	-13943670.856063
29230.176527	-13984448.513926
29241.941075	-13898864.820594
29254.710801	-14018171.682791
29267.369875	-14051083.677344
29280.243774	-13831581.512393
29293.056608	-14037513.903566
29305.923075	-13938616.927124
29318.490249	-14039005.529876
29331.366820	-13947364.278485
29343.900616	-13886699.876245
29356.388947	-13877059.806407
29368.721471	-13895222.911632
29381.361499	-14070642.673331
29394.133641	-14018148.698260
29407.271247	-13916636.483687
29420.291902	-13923555.841887
29433.560520	-13945195.126780
29446.621074	-13928785.560990
29460.069006	-13949001.050133
29473.652177	-13956652.455215
29487.123675	-13879879.239052
29501.202566	-13962868.460778
29514.818123	-13992441.365872
29528.092855	-14091300.105971
29541.270858	-13976914.805270
29554.061322	-13898688.968592
29566.731692	-13948201.089991
29579.287178	-14070825.277160
29592.306981	-13993508.601991
29604.825502	-13980570.339544
29617.671173	-13877362.697647
29630.297262	-13843192.406062
29643.224208	-13860405.824745
29655.311112	-13994833.024052
29667.252373	-13860589.012702
29679.915152	-13820700.354606
29692.333764	-13892411.481292
29704.354835	-13916810.780351
29716.997121	-13907801.508727
29729.678882	-13894147.072989
29742.547333	-13923340.750479
29755.620282	-13880430.332896
29768.351082	-13999936.561836
29781.679724	-13905638.002683
29794.694448	-13974893.318576
29807.930119	-13967151.644682
29821.679167	-13948401.182333
29835.524124	-14017398.701627
29848.992059	-13962585.115106
29862.261352	-14025895.323985
29874.840963	-13982523.992988
29887.738020	-14018365.063756
29900.248330	-13919289.519682
29912.951838	-13967684.253774
29925.756768	-13844349.940368
29938.046936	-13869279.952490
29950.425209	-13894472.652250
29962.798109	-13852253.801862
29975.236887	-13889233.682607
29987.353558	-13951356.373738
29999.556518	-13865464.360325
30012.183281	-13870683.126455
30025.062495	-14067270.391444
30037.930376	-13900603.598638
30050.958009	-13929239.802554
30063.829749	-13937590.567867
30077.344165	-13848823.243437
30090.453733	-14013542.580146
30104.215680	-13992145.409007
30117.674656	-13907662.245350
30131.311636	-13896412.939709
30144.496041	-13959187.695424
30157.425962	-13889373.261085
30170.516762	-13839943.235464
30183.133627	-13953173.453379
30195.858224	-13972863.161754
30208.352922	-13867376.082275
30220.813973	-13908820.902312
30233.570968	-13938626.349880
30246.041170	-13958390.873844
30258.308446	-13903643.672832
30270.754628	-13973676.999112
30283.336955	-13888532.695355
30296.564822	-13845559.937750
30310.230746	-13867735.503066
30323.067990	-13915283.551390
30335.935967	-14022485.965548
30349.324581	-13970222.301686
30362.928691	-13884280.134146
30376.424035	-14009440.386866
30389.707679	-13840601.824270
30403.155236	-13888976.552091
30416.297070	-13842889.578903
30429.234165	-13993407.502431
30442.214179	-14028106.800482
30455.046476	-13875409.063793
30467.614795	-13872189.020882
30480.404058	-13935093.065832
30492.984621	-13899411.630426
30504.963454	-13981010.547152
30517.524169	-13861452.523159
30530.163198	-13921680.655063
30542.723619	-14055007.618997
30555.328788	-13941155.508730
30568.407122	-13874371.185979
30581.430747	-13884793.680465
30594.602105	-13929749.812721
30607.822716	-13929194.407361
30621.334517	-13909320.891917
30635.139186	-13890763.190179
30649.024922	-13749805.503398
30662.538577	-13786921.043917
30675.934946	-13907637.959807
30689.306625	-13834802.412735
30702.208692	-13875143.562121
30715.273138	-13950112.748480
30727.575797	-13827854.918736
30740.310959	-13859032.205133
30752.971065	-13968996.598960
30765.291827	-13918886.090143
30777.649437	-13902040.640870
30789.086103	-13840960.328501
30800.620022	-13825502.526414
30811.670702	-13921193.635570
30823.586340	-13747169.175296
30836.609505	-13771051.116799
30849.395226	-13982938.934333
30862.772453	-13889330.104885
30876.454747	-13927619.303114
30890.296584	-13965142.183594
30903.426777	-13968319.078477
30916.660259	-13932334.588596
30929.511773	-13841450.330176
30942.188143	-13946597.628193
30954.917791	-14073189.206821
30967.890536	-13938534.559250
30980.914297	-13864770.223495
30992.228450	-13714989.689390
31003.289498	-13894036.067415
31014.046366	-13766978.355053
31024.713416	-13922144.681931
31035.318284	-13962018.554669
31046.021467	-13728380.561272
31058.061797	-13774802.830703
31070.241862	-13858624.969304
31083.161834	-13879314.535384
31095.693947	-13939375.939946
31108.606838	-13892255.053736
31121.632012	-13832815.777233
31134.727544	-13858520.593717
31148.131023	-13859879.313191
31161.821958	-13771720.509001
31175.600602	-13850016.540834
31189.083209	-13861992.967221
31202.352861	-14004054.713943
31215.287613	-13855801.117803
31228.527764	-13861792.005589
31241.862110	-13853366.404449
31254.915982	-13833653.818307
31267.456476	-13978751.325939
31279.882712	-13832174.355380
31292.981933	-13838066.798376
31305.370555	-13872464.951545
31317.736109	-13878719.215983
31330.229921	-13994471.842021
31343.063989	-14019602.745765
31355.594137	-13815008.678582
31367.851199	-13738943.278155
31380.233197	-13801618.124005
31393.144313	-13851576.353022
31406.057085	-13819630.811845
31419.495612	-13895275.198113
31432.817749	-13765734.521774
31446.175246	-13878363.766061
31459.894520	-13901655.529603
31473.863345	-13884098.806065
31487.373638	-13807391.129856
31500.878491	-13799168.765836
31514.385946	-13899919.919339
31527.171313	-13841465.582784
31540.166026	-13820873.918156
31552.941902	-13837010.020811
31565.157047	-13783569.599049
31577.833908	-13860546.738549
31590.427554	-13766667.598259
31603.077735	-13818511.486674
31615.462396	-13902801.576744
31628.236562	-13884225.929813
31641.337350	-13857299.303809
31654.567421	-13875136.427755
31667.436374	-13854604.538444
31680.368876	-13864311.969925
31694.255894	-13817718.200572
31707.954459	-13838311.657006
31721.408972	-13876502.361947
31735.022176	-13826775.898169
31748.336555	-13936555.582093
31761.316256	-13914039.169829
31774.380006	-13859899.046139
31787.016991	-13809535.628756
31799.721444	-13758333.879037
31812.383201	-14019398.925885
31824.724733	-13864298.929935
31837.222605	-13853783.322310
31849.586095	-13847688.887066
31861.923114	-13902523.928300
31874.731875	-13872357.137408
31887.217881	-13874386.334524
31900.222998	-13873237.994857
31913.543633	-13898054.463195
31927.085646	-13958891.716409
31940.626775	-13847063.209415
31954.310138	-13932666.583426
31967.440649	-13841208.208071
31980.622558	-13870691.513927
31993.693771	-13820614.861646
32006.648448	-13855518.283082
32019.784775	-13840372.573402
32032.662837	-13768423.838749
32045.289529	-13932553.279125
32057.462956	-13797996.050953
32070.018832	-13811079.685485
32082.452289	-13909131.232435
32094.914766	-13810137.376372
32107.182347	-13823608.316162
32119.821573	-13939906.125105
32132.153191	-13857671.702381
32144.878390	-13771096.535182
32157.604535	-13816030.075385
32170.767494	-13897661.459358
32184.072986	-13886185.454572
32197.813784	-13695807.828356
32211.249703	-13730675.731511
32225.024754	-13797754.326008
32238.352383	-13838699.688455
32251.416485	-13743866.459914
32264.245805	-13850171.746315
32276.678215	-13814107.613611
32289.200110	-13741655.317873
32301.949985	-13869597.344239
32314.633759	-13886941.581945
32327.515429	-13771851.787588
32340.337079	-13938412.431210
32352.806738	-13821700.583598
32365.219390	-13763741.535351
32378.173691	-13862119.108898
32390.773321	-13696066.480942
32403.470146	-13699294.181393
32416.709525	-13872051.981156
32429.909355	-13834157.133587
32443.069639	-13788201.297926
32456.353839	-13698980.528840
32470.300028	-13832162.002692
32483.346300	-13905946.377637
32496.348680	-13887871.553815
32509.426197	-13763355.646462
32522.552042	-13873973.803709
32535.422969	-13696836.454235
32548.504766	-13797498.846134
32560.904448	-13760349.484547
32573.104299	-13822183.648213
32585.625551	-13862979.495978
32597.949513	-13881986.074618
32610.190867	-13705935.620464
32622.597947	-13833733.765928
32634.910194	-13732531.198556
32647.694714	-13910790.686372
32661.279454	-13880301.128574
32674.503890	-13938693.406129
32687.391505	-13738354.245268
32700.936508	-13756042.915185
32714.201660	-13816870.022326
32727.888518	-13839013.320968
32741.662457	-13831628.543231
32755.212221	-13787688.622012
32768.575829	-13672608.422932
32781.411802	-13811920.201013
32794.645329	-13875235.431926
32806.874123	-13834027.149926
32818.049294	-13803876.452336
32828.915531	-13714891.642624
32839.660095	-13817095.785596
32850.419028	-13930264.000449
32861.184722	-13772750.540609
32873.540388	-13766572.934132
32886.367568	-13828897.852695
32898.799621	-13706162.331962
32910.842581	-13821728.193288
32923.316139	-13720067.396204
32935.693318	-13756272.621154
32948.033112	-13757968.528765
32960.774438	-13752796.832000
32973.616805	-13723019.471274
32986.764468	-13696984.511207
32999.683026	-13796474.775582
33013.039110	-13736972.903327
33026.638702	-13790307.513083
33040.203084	-13716120.949452
33053.260479	-13816540.482114
33066.529650	-13854974.355439
33079.500625	-13781606.305924
33092.572008	-13831168.135775
33105.348794	-13831618.347626
33117.711864	-13870019.184663
33129.827549	-13731119.956224
33142.726671	-13742053.577422
33155.189761	-13766790.690593
33167.685057	-13707650.049420
33180.316547	-13737170.351771
33192.879753	-13812087.977958
33205.727167	-13772832.769549
33218.763307	-13761036.028477
33231.928507	-13723621.716449
33245.162673	-13770451.493203
33258.287255	-13828900.214443
33271.733171	-13848076.651191
33285.334901	-13923809.219877
33298.873558	-13835988.963151
33312.139394	-13671403.708940
33325.436844	-13790291.739261
33338.145870	-13687291.445640
33351.110241	-13724226.613431
33363.514102	-13818986.578480
33376.212921	-13740730.439243
33388.416176	-13829420.718820
33401.340199	-13905278.791434
33414.098058	-13786665.345297
33426.509148	-13753299.866031
33438.600657	-13779491.482486
33450.909588	-13762883.037583
33463.225875	-13728033.805591
33475.759858	-13791192.740236
33488.058765	-13865205.065406
33500.814121	-13807149.202015
33513.605612	-13763963.435467
33526.193326	-13835457.544314
33539.257049	-13755389.653786
33552.539003	-13757842.934175
33565.585420	-13625712.423800
33579.222239	-13788379.352244
33593.290718	-13733558.440073
33606.831313	-13813205.874017
33620.440261	-13653825.401471
33633.607103	-13701662.035390
33646.717154	-13804992.085795
33659.513298	-13839941.005122
33672.403346	-13756529.478727
33685.410440	-13721910.749353
33698.542843	-13732672.568977
33711.797012	-13694374.665623
33725.047926	-13785643.980916
33737.879378	-13830551.749309
33750.902964	-13748842.409821
33763.635250	-13795491.312543
33776.222255	-13696280.173177
33788.462612	-13820332.454387
33801.028600	-13764108.856993
33813.510283	-13773676.099793
33826.566584	-13707945.794698
33839.712013	-13798542.272010
33853.375791	-13860990.728438
33866.237785	-13731973.321540
33879.254999	-13684956.002959
33892.690755	-13748497.398300
33905.782259	-13794407.897946
33919.993311	-13817234.356403
33933.385114	-13688467.859871
33946.511230	-13720540.836853
33959.802641	-13809475.601225
33972.709468	-13818200.557381
33985.417039	-13762909.347860
33998.290051	-13698440.634918
34010.802899	-13643841.418597
34023.422736	-13779669.444831
34036.318461	-13763293.595263
34048.893054	-13730831.352847
34061.179523	-13763684.639888
34074.077970	-13656973.852898
34086.597277	-13688691.897884
34099.145128	-13665122.816160
34111.671550	-13803107.943364
34124.254599	-13645801.442828
34137.151042	-13763742.300518
34150.228582	-13734960.578454
34163.456626	-13661779.880771
34176.556055	-13692535.127856
34190.178879	-13823236.145512
34203.911454	-13775969.458662
34217.427623	-13817644.260378
34230.736731	-13708023.057420
34243.741717	-13648383.747974
34256.687001	-13743121.328655
34269.398779	-13754645.754049
34282.474367	-13779094.601814
34294.995701	-13759205.871162
34307.976205	-13814518.944905
34320.908295	-13719885.932868
34334.130709	-13664481.735502
34346.972055	-13720117.572085
34359.465365	-13731415.587348
34372.011061	-13684766.536915
34384.383305	-13808229.865364
34396.622691	-13635331.184263
34409.271115	-13789756.842401
34421.588585	-13629443.463484
34434.072230	-13671878.650698
34446.643683	-13641954.193316
34459.482157	-13679883.613329
34472.095321	-13695250.489907
34485.465065	-13672687.715247
34498.565749	-13717657.880551
34512.630160	-13683423.185950
34526.072087	-13698147.086988
34539.280329	-13618740.219939
34552.347957	-13731783.636198
34565.639341	-13741795.501078
34578.781432	-13721902.421204
34591.656030	-13699839.916571
34604.235352	-13696156.675120
34616.741169	-13764485.489550
34627.937300	-13706070.444476
34638.569006	-13583887.781383
34649.332263	-13632371.048218
34660.168484	-13732374.675937
34671.322995	-13760797.318430
34682.250189	-13701418.554582
34695.636403	-13747917.985708
34708.889730	-13628058.312571
34722.456027	-13905483.441333
34735.785418	-13719063.067858
34749.316116	-13642898.726997
34762.853316	-13785588.198687
34776.196457	-13731177.536145
34788.949555	-13686071.156568
34801.981533	-13833961.277386
34814.759778	-13661712.632796
34827.273860	-13818311.107224
34839.792558	-13753964.313434
34852.532143	-13686049.140033
34864.898647	-13640156.075974
34877.267977	-13696545.894134
34890.149740	-13771342.555620
34902.765183	-13698332.092891
34915.751098	-13638160.326408
34928.855038	-13666089.807734
34941.796696	-13757070.839897
34955.019407	-13696185.843470
34968.545412	-13602120.209541
34981.907085	-13663060.493293
34995.759875	-13801807.430186
35009.443774	-13698976.706673
35022.891541	-13650644.511007
35036.668369	-13635988.832445
35050.088589	-13705684.259888
35062.853153	-13676060.992762
35075.413443	-13705073.822770
35087.876210	-13759072.134716
35100.653073	-13609620.832960
35113.147626	-13694753.568058
35125.936540	-13729009.503011
35138.674701	-13629454.805852
35151.442268	-13628889.765880
35164.454340	-13680248.139169
35177.816114	-13760573.783455
35191.686260	-13672680.829781
35205.084050	-13672958.872186
35218.703915	-13625262.116880
35232.008360	-13701581.764735
35245.397455	-13743200.466667
35258.296472	-13644097.449349
35271.190364	-13589497.410941
35284.164832	-13669794.694186
35297.396086	-13748483.514057
35310.220893	-13611100.113530
35322.879852	-13632428.869636
35335.446548	-13682506.638203
35348.193604	-13718685.748309
35360.746232	-13691030.022169
35373.063608	-13713774.534953
35385.076474	-13617359.542936
35397.833401	-13621225.952400
35410.460065	-13705068.925256
35423.531579	-13592599.882797
35436.791399	-13798582.236849
35450.341628	-13544505.183213
35463.608315	-13706951.374379
35477.546728	-13703323.526938
35491.143966	-13728095.969275
35504.393607	-13691425.052323
35517.529230	-13688465.870685
35531.045003	-13639701.980795
35544.035129	-13577956.360168
35557.378210	-13711141.309582
35570.340685	-13732260.852626
35583.430838	-13623795.533273
35596.147796	-13794687.595214
35608.954309	-13630112.232891
35621.319320	-13745210.803821
35633.756216	-13625796.062895
35646.384853	-13674843.607592
35658.812671	-13685211.979525
35671.781247	-13722467.132204
35684.524585	-13653527.121713
35697.311521	-13701260.760619
35710.135558	-13632853.284370
35723.268788	-13668956.817399
35737.036103	-13819307.565874
35750.902889	-13685834.005042
35764.555520	-13671117.051021
35777.784784	-13745387.874848
35791.043475	-13593829.652025
35803.795762	-13706199.818686
35816.210944	-13746739.174058
35829.215582	-13556977.165123
35841.881028	-13688803.103560
35854.016849	-13597998.992203
35866.215709	-13693999.809123
35878.603284	-13601660.169554
35891.006007	-13584815.405808
35903.576129	-13682959.138548
35916.087353	-13611628.977131
35928.445763	-13790873.028898
35941.888332	-13634660.572289
35955.448144	-13595657.514170
35967.860553	-13667240.237291
35980.014363	-13833155.332277
35991.968268	-13692019.030478
36005.121216	-13566069.347786
